-- Hermesu
-- Author: hina8
-- DateCreated: 2024/11/10
--------------------------------------------------------------

-- ******
-- 1レベ
-- ******

-- レイラインはどこでも生えてくるように修正
INSERT OR IGNORE INTO Resource_ValidFeatures (ResourceType, FeatureType) VALUES
    ('RESOURCE_LEY_LINE', 'FEATURE_FLOODPLAINS'),
    ('RESOURCE_LEY_LINE', 'FEATURE_FLOODPLAINS_GRASSLAND'),
    ('RESOURCE_LEY_LINE', 'FEATURE_FLOODPLAINS_PLAINS'),
    ('RESOURCE_LEY_LINE', 'FEATURE_FOREST'),
    ('RESOURCE_LEY_LINE', 'FEATURE_JUNGLE'),
    ('RESOURCE_LEY_LINE', 'FEATURE_MARSH');

-- レイラインはよく映える
UPDATE Resources
SET Frequency = 20
WHERE
    ResourceType = 'RESOURCE_LEY_LINE';

-- レイラインの出力アップ
INSERT OR IGNORE INTO Resource_YieldChanges (ResourceType, YieldType, YieldChange) VALUES
    ('RESOURCE_LEY_LINE', 'YIELD_FOOD', 1),
    ('RESOURCE_LEY_LINE', 'YIELD_PRODUCTION', 1);

-- キャンパスは区域数を追加する
-- INSERT INTO Modifiers (ModifierId, ModifierType, SubjectRequirementSetId) VALUES
--     ('MODIFIER_KH_CAMPUS_HAS_EXTRA_DISTRICT', 'MODIFIER_PLAYER_CITIES_EXTRA_DISTRICT', 'BUILDING_IS_LIBRARY');
-- INSERT OR IGNORE INTO ModifierArguments (ModifierId, Name, Value) VALUES
-- 	('MODIFIER_KH_CAMPUS_HAS_EXTRA_DISTRICT', 'Amount', 1);
-- INSERT OR IGNORE INTO Types (Type, Kind) VALUES
-- 	('MODIFIER_KH_CAMPUS_HAS_EXTRA_DISTRICT', 'KIND_MODIFIER');	
-- INSERT OR IGNORE INTO GovernorPromotionModifiers (GovernorPromotionType, ModifierId) VALUES 
-- 	('GOVERNOR_PROMOTION_HERMETIC_ORDER_1', 'MODIFIER_KH_CAMPUS_HAS_EXTRA_DISTRICT');

-- ******
-- 2レベ
-- ******

-- レイラインの能力を2に付け替え（いっぱいあるのでとりあえず全部置き換え）
UPDATE GovernorPromotionModifiers
SET GovernorPromotionType = 'GOVERNOR_PROMOTION_HERMETIC_ORDER_2'
WHERE 
	GovernorPromotionType = 'GOVERNOR_PROMOTION_HERMETIC_ORDER_3';

-- ******
-- 3レベ
-- ******

-- レイラインパネルの全出力が+1
INSERT INTO RequirementSets (RequirementSetId, RequirementSetType) VALUES
('PLOT_HAS_LEYLINE', 'REQUIREMENTSET_TEST_ALL');

INSERT INTO RequirementSetRequirements (RequirementSetId, RequirementId) VALUES
('PLOT_HAS_LEYLINE', 'REQUIRES_PLOT_HAS_LEY_LINE');

INSERT OR IGNORE INTO Requirements (RequirementId , RequirementType) VALUES
('REQUIRES_PLOT_HAS_LEY_LINE', 'REQUIREMENT_PLOT_RESOURCE_TYPE_MATCHES');

INSERT OR IGNORE INTO RequirementArguments (RequirementId , Name, Value) VALUES
('REQUIRES_PLOT_HAS_LEY_LINE', 'ResourceType', 'RESOURCE_LEY_LINE');

INSERT INTO Modifiers (ModifierId, ModifierType, SubjectRequirementSetId) VALUES
    ('MODIFIER_KH_LEYLINE_PLOT_SCIENCE_HERMETIC_3', 'MODIFIER_PLAYER_ADJUST_PLOT_YIELD', 'PLOT_HAS_LEYLINE'),
    ('MODIFIER_KH_LEYLINE_PLOT_CULTURE_HERMETIC_3', 'MODIFIER_PLAYER_ADJUST_PLOT_YIELD', 'PLOT_HAS_LEYLINE'),
    ('MODIFIER_KH_LEYLINE_PLOT_GOLD_HERMETIC_3', 'MODIFIER_PLAYER_ADJUST_PLOT_YIELD', 'PLOT_HAS_LEYLINE'),
    ('MODIFIER_KH_LEYLINE_PLOT_PRODUCTION_HERMETIC_3', 'MODIFIER_PLAYER_ADJUST_PLOT_YIELD', 'PLOT_HAS_LEYLINE'),
    ('MODIFIER_KH_LEYLINE_PLOT_FAITH_HERMETIC_3', 'MODIFIER_PLAYER_ADJUST_PLOT_YIELD', 'PLOT_HAS_LEYLINE'),
    ('MODIFIER_KH_LEYLINE_PLOT_FOOD_HERMETIC_3', 'MODIFIER_PLAYER_ADJUST_PLOT_YIELD', 'PLOT_HAS_LEYLINE');

INSERT INTO ModifierArguments (ModifierId, Name, Value) VALUES
    ('MODIFIER_KH_LEYLINE_PLOT_SCIENCE_HERMETIC_3', 'YieldType' , 'YIELD_SCIENCE'),
    ('MODIFIER_KH_LEYLINE_PLOT_SCIENCE_HERMETIC_3', 'Amount' , '1'),
    ('MODIFIER_KH_LEYLINE_PLOT_CULTURE_HERMETIC_3', 'YieldType' , 'YIELD_CULTURE'),
    ('MODIFIER_KH_LEYLINE_PLOT_CULTURE_HERMETIC_3', 'Amount' , '1'),
    ('MODIFIER_KH_LEYLINE_PLOT_GOLD_HERMETIC_3', 'YieldType' , 'YIELD_GOLD'),
    ('MODIFIER_KH_LEYLINE_PLOT_GOLD_HERMETIC_3', 'Amount' , '1'),
    ('MODIFIER_KH_LEYLINE_PLOT_PRODUCTION_HERMETIC_3', 'YieldType' , 'YIELD_PRODUCTION'),
    ('MODIFIER_KH_LEYLINE_PLOT_PRODUCTION_HERMETIC_3', 'Amount' , '1'),
    ('MODIFIER_KH_LEYLINE_PLOT_FAITH_HERMETIC_3', 'YieldType' , 'YIELD_FAITH'),
    ('MODIFIER_KH_LEYLINE_PLOT_FAITH_HERMETIC_3', 'Amount' , '1'),
    ('MODIFIER_KH_LEYLINE_PLOT_FOOD_HERMETIC_3', 'YieldType' , 'YIELD_FOOD'),
    ('MODIFIER_KH_LEYLINE_PLOT_FOOD_HERMETIC_3', 'Amount' , '1');

INSERT OR IGNORE INTO Types (Type, Kind) VALUES
	('MODIFIER_KH_LEYLINE_PLOT_SCIENCE_HERMETIC_3', 'KIND_MODIFIER'),
	('MODIFIER_KH_LEYLINE_PLOT_CULTURE_HERMETIC_3', 'KIND_MODIFIER'),
	('MODIFIER_KH_LEYLINE_PLOT_GOLD_HERMETIC_3', 'KIND_MODIFIER'),
	('MODIFIER_KH_LEYLINE_PLOT_PRODUCTION_HERMETIC_3', 'KIND_MODIFIER'),
	('MODIFIER_KH_LEYLINE_PLOT_FAITH_HERMETIC_3', 'KIND_MODIFIER'),
	('MODIFIER_KH_LEYLINE_PLOT_FOOD_HERMETIC_3', 'KIND_MODIFIER');

INSERT OR IGNORE INTO GovernorPromotionModifiers (GovernorPromotionType, ModifierId) VALUES 
	('GOVERNOR_PROMOTION_HERMETIC_ORDER_3', 'MODIFIER_KH_LEYLINE_PLOT_SCIENCE_HERMETIC_3'),
	('GOVERNOR_PROMOTION_HERMETIC_ORDER_3', 'MODIFIER_KH_LEYLINE_PLOT_CULTURE_HERMETIC_3'),
	('GOVERNOR_PROMOTION_HERMETIC_ORDER_3', 'MODIFIER_KH_LEYLINE_PLOT_GOLD_HERMETIC_3'),
	('GOVERNOR_PROMOTION_HERMETIC_ORDER_3', 'MODIFIER_KH_LEYLINE_PLOT_PRODUCTION_HERMETIC_3'),
	('GOVERNOR_PROMOTION_HERMETIC_ORDER_3', 'MODIFIER_KH_LEYLINE_PLOT_FAITH_HERMETIC_3'),
	('GOVERNOR_PROMOTION_HERMETIC_ORDER_3', 'MODIFIER_KH_LEYLINE_PLOT_FOOD_HERMETIC_3');

-- ******
-- 4レベ
-- ******

-- キャンパスは隣接に等しい生産力を出す
INSERT OR IGNORE INTO Modifiers (ModifierId, ModifierType) VALUES 
('MODIFIER_KH_HERMESU_WORK_ETHICKS', 'MODIFIER_ALL_DISTRICTS_ATTACH_MODIFIER');

INSERT OR IGNORE INTO Modifiers (ModifierId, ModifierType, SubjectRequirementSetId) VALUES 
('MODIFIER_KH_HERMESU_WORK_ETHICKS_MODIFIER', 'MODIFIER_PLAYER_DISTRICT_ADJUST_YIELD_BASED_ON_ADJACENCY_BONUS', 'DISTRICT_IS_CAMPUS');

INSERT OR IGNORE INTO ModifierArguments (ModifierId, Name, Value) VALUES 
('MODIFIER_KH_HERMESU_WORK_ETHICKS', 'ModifierId', 'MODIFIER_KH_HERMESU_WORK_ETHICKS_MODIFIER'),
('MODIFIER_KH_HERMESU_WORK_ETHICKS_MODIFIER', 'YieldTypeToMirror', 'YIELD_SCIENCE'),
('MODIFIER_KH_HERMESU_WORK_ETHICKS_MODIFIER', 'YieldTypeToGrant', 'YIELD_PRODUCTION');

INSERT OR IGNORE INTO Types (Type, Kind) VALUES
('MODIFIER_KH_HERMESU_WORK_ETHICKS', 'KIND_MODIFIER'),
('MODIFIER_KH_HERMESU_WORK_ETHICKS_MODIFIER', 'KIND_MODIFIER');


INSERT OR IGNORE INTO Types (Type, Kind) VALUES
	('MODIFIER_KH_HERMESU_WORK_ETHICKS', 'KIND_MODIFIER'),
	('MODIFIER_KH_HERMESU_WORK_ETHICKS_MODIFIER', 'KIND_MODIFIER');

INSERT OR IGNORE INTO GovernorPromotionModifiers (GovernorPromotionType, ModifierId) VALUES 
	('GOVERNOR_PROMOTION_HERMETIC_ORDER_4', 'MODIFIER_KH_HERMESU_WORK_ETHICKS'),
	('GOVERNOR_PROMOTION_HERMETIC_ORDER_4', 'MODIFIER_KH_HERMESU_WORK_ETHICKS_MODIFIER');
